197,81928,10252,10253,2066,79890,55321,4137,2099,79930,6237,2146,100,10342,2175,4234,153,154,2206,8352,4288,2261,2295,2321,8470,287,2335,322,28998,334,26960,10580,51560,6532,6549,408,409,8600,57761,10659,55715,29102,6578,8626,29109,10687,29127,2512,2534,6643,51726,55824,558,51762,6711,266812,23136,4739,84612,23173,8835,8850,672,675,8871,4792,283349,8936,4854,23348,11069,11073,56141,2906,7020,90990,9094,4998,7057,9112,152503,3005,966,5074,5077,983,9181,7161,5140,5144,1058,1111,5208,58480,1173,3224,1191,5296,79026,9411,3315,54532,1285,1286,7431,1289,7456,1326,5424,3400,7514,9569,7534,445815,64919,26052,5578,26059,5580,5588,5590,5591,3572,9749,83478,3635,9793,3655,26191,3690,9846,91768,124540,3708,3717,3725,5792,3791,3815,9963,50937,5888,5901,3855,10019,81704,1894,79723,3949,1901,6035,1951,1978,10174,4036,10188,10189,2023,4085,2047
1029,81928,131096,4139,122953,4172,4173,4174,4175,4176,86,4215,8317,142,150,57510,4286,4288,225,230,8458,287,8480,8493,57650,57659,322,28998,330,332,4436,29028,8556,8562,388,8600,409,57761,8626,440,29128,467,8662,8663,8676,488,4605,90627,4613,115207,4616,4628,558,4660,266812,580,201294,605,641,4739,4741,8837,197257,8848,658,8850,8851,672,675,688,4839,4915,9015,4929,860,862,9060,891,896,898,4998,9094,5001,9099,916,54165,920,9112,9134,9141,9156,5077,983,9181,990,993,995,5111,9212,1030,9223,9231,1058,1062,1063,5187,1104,1111,5208,5217,9314,58477,1191,79023,1207,5308,25788,29893,5325,5347,79075,1263,9467,9476,54541,29968,9493,25885,1316,1326,5424,5426,5437,79169,283971,25946,9572,54675,1434,1435,9631,9641,5557,5579,5581,5590,5591,5597,9693,1503,5624,255488,9735,9768,26153,9787,9793,5704,1612,5708,83540,5717,54888,9833,54892,26227,91768,5756,9867,83596,54938,5789,1718,1719,9915,1728,1739,55003,26355,1780,1786,5883,1788,5888,5901,112399,5906,5924,1834,5932,5933,1841,10036,79674,1857,10051,5962,1869,1870,1871,55120,5983,5984,5985,79711,1894,51053,1909,1910,10129,10130,6035,1951,1958,10155,10165,1978,1981,10189,161742,10212,10213,2023,51176,2026,2037,10231,2040,79866,51203,378884,10253,83983,2066,83990,2078,6182,2091,10301,2113,2115,2119,10320,79960,55388,6240,6241,2146,2150,51319,10365,2175,10370,10382,10384,10397,10403,2237,6337,2261,10460,2274,55540,10498,22809,2335,10528,10535,22824,84263,10539,80174,55607,6456,203068,6472,6478,10575,10580,80218,6493,26973,22883,6502,26986,51562,6510,10606,145781,6520,6532,22916,10642,63893,22948,6566,55723,63922,6596,27085,27101,51678,55775,63967,10721,6626,6627,63973,6638,23037,27133,2562,27161,84515,10788,2597,10797,6711,2618,55872,23111,55885,2668,55920,23165,10891,6804,2730,10926,6844,6857,27339,2771,6867,10963,6897,11004,23294,6935,23327,84787,11073,11091,6996,80727,2908,7020,23406,7027,7029,11136,7042,7048,2956,7064,7067,7077,2982,7083,11186,11200,3012,3014,3015,23513,3037,7133,84959,11232,11235,7153,3065,3066,7163,7161,3068,3070,7167,23560,3090,23594,3148,3159,3162,7283,7295,3206,3207,3219,3224,3225,56475,3236,7345,7358,7371,7374,3295,3304,195828,3329,7431,3336,7443,7466,7468,3382,3394,7514,7534,7546,64919,359845,93649,3554,3572,3608,3619,3642,3659,81539,3717,3725,3727,3728,118429,7846,7852,81620,3798,3815,3832,3838,57088,3855,3858,7965,57122,3910,8013,3925,3939,3949,221037,94081,8078,8079,8091,4001,8139,8140,57332,4085,4092,4093
1173,10252,10253,2066,2069,4139,2091,2099,6195,6196,10320,55388,100,10342,2175,8322,153,154,10395,90268,55450,2213,2261,2268,51421,226,2288,2321,8470,287,2335,55607,6456,22841,322,323,28998,6472,260425,51560,6506,26986,51562,10606,374,26999,409,10659,8614,29102,8626,29109,80318,10687,27086,2534,4582,6643,10765,51726,55824,2597,51762,6711,266812,4684,55885,64112,152189,8829,23173,675,10938,699,701,6857,2771,10963,84708,8936,6897,23294,11030,9021,11072,4929,860,2908,862,127845,873,7020,891,7048,7049,9112,7068,933,84904,7082,941,942,7099,3005,966,5071,5077,983,7134,84959,993,5111,3065,3066,7167,3092,9253,23650,58480,1173,3224,1191,5296,7345,79026,9444,3303,1271,54532,7456,5424,3400,5468,7534,9590,445815,9616,64919,1463,1465,85439,5578,26059,5579,5580,54741,5591,3572,5624,9729,9749,1601,9793,3655,54855,54861,26191,3690,9846,124540,3717,3725,3728,5788,5791,5795,9892,7846,7852,5805,1739,3815,9963,57088,5906,5912,5914,10019,5932,1857,5962,1869,3939,1894,79718,79723,3949,6004,1909,3958,8078,6035,8087,1951,10174,4036,10188,2023,2047
1356,4628,23086,6711,6712,344148,1113,2150,8313,7804,3728,2745,699,701,57536,89796,10982,2335,7980,3910,7514,64866,127845,7020,7534,64397,7057,3486,29109,5578,23499,23513,50649,4085,5627
1601,4137,4162,4170,4173,344148,100,4208,4215,8313,8322,150,729238,153,154,8352,4261,4288,57556,287,57648,308,322,323,28998,332,387,399,8600,409,225689,29102,8626,29109,29126,29127,467,4613,4616,558,266812,4684,4739,4741,650,4751,8850,659,672,688,4792,8936,4854,152330,144165,148281,54101,858,860,90990,890,891,9088,898,899,9094,54165,920,9112,942,152503,54206,966,5071,976,5077,983,993,995,5111,1019,1033,5144,1052,1058,9253,29761,1104,1124,58473,58480,1164,1173,1191,79023,5296,25780,5307,5308,5325,1266,1271,54532,128272,9569,30061,9585,5551,5553,9650,26052,5577,5578,5579,5580,5581,26059,1490,54741,5591,5597,9700,1509,5624,9749,9787,1601,1602,9793,1612,26191,5717,9829,9839,9846,124540,157313,5788,9886,5792,9892,1739,1746,5865,9963,1780,5901,10000,5914,10019,10023,55081,5932,5933,1848,55103,1857,1869,55120,1894,145258,79723,6004,1909,55165,6035,1951,1952,10174,10188,59343,2023,51176,2047,2048,10252,10253,2066,79890,79902,2099,6195,79930,2113,2122,145483,10320,79959,6236,6241,2146,6242,10342,2175,10370,2201,10395,10397,2206,2213,2261,2274,6383,2288,6385,2290,2295,2305,10498,2313,2335,10535,2353,203068,26960,10580,80218,6491,22883,51560,6506,26986,10615,26999,6532,6549,10659,10666,6578,10687,166336,2534,10733,23037,55805,6662,2571,10763,55819,51726,55824,2597,51762,6711,10810,23111,23136,2668,84612,23173,6812,6857,2776,84708,11030,6935,23327,23328,23348,117583,56144,84823,2906,11099,2908,7020,11116,7042,7048,7049,64397,7057,7068,84904,7083,3005,23513,7133,7153,23542,7161,3065,3066,3106,3159,7273,7283,3205,3224,3227,56479,3239,3304,64759,3329,3336,7456,3400,85329,7534,445815,64919,85439,130497,93649,85458,3554,3572,3575,3619,3635,3655,3675,3690,3708,81539,3717,3725,3727,3728,118429,7846,81620,3815,3832,3858,548644,81704,7980,3925,8038,3949,57216,8091,4001,4005,4023,57338,4091,4092
1739,4139,122953,4170,4174,4176,86,4208,4215,8322,8324,142,150,153,154,57510,4286,4288,4306,226,230,8480,322,330,332,4436,8562,374,387,388,397,8600,409,57761,8626,29109,440,29126,8662,8663,66008,4582,488,221692,90627,4628,558,580,201294,4739,197257,658,8850,8851,672,675,688,4792,785,816,4915,860,862,890,891,898,4998,9094,9099,916,933,9134,152503,962,5077,983,993,995,1009,1012,5111,9231,9232,1052,1062,1073,5187,1104,5202,1111,5208,5217,9314,9319,9351,9355,1173,9369,1191,79023,5296,79026,1263,9467,54541,29967,29968,9493,9495,25885,1316,1326,5424,5437,79169,283971,9615,1435,9641,5551,26047,5577,5578,5579,5580,5581,1490,5591,9693,1503,5624,255488,9729,9787,1604,1612,5708,26191,5717,5718,1627,54892,26227,9846,9867,83596,5788,54941,26271,5792,1719,1739,5865,1786,5901,5902,10019,55075,1834,5932,1837,5933,1857,10051,5962,1869,5983,5985,1910,10129,6035,1956,10155,10165,55227,1981,79817,10189,161742,2023,2026,2037,2048,51203,378884,10253,2066,2069,83990,2078,2091,2099,79930,2113,2119,79960,6236,2150,10342,10365,6282,10391,55450,2206,6337,10459,2268,2274,6382,6383,6385,10509,22809,10528,10535,2353,6456,203068,260425,6478,10575,10580,6493,6502,6510,10606,55669,6532,10642,22948,6566,117178,6596,6615,27101,51678,63967,10721,6627,2534,51692,6641,80380,23037,27133,6657,2562,10765,55824,27161,10788,6711,6712,2618,23111,2668,23165,23173,6790,6804,6812,121512,6844,6857,27339,2771,10963,84708,23294,23327,2869,11069,84817,80727,2906,2908,7020,23406,7027,11136,7048,2956,64398,7057,64403,7082,11186,7094,3014,23499,23513,3037,7133,7153,7161,3065,64506,11260,3107,7203,7283,7295,23705,56479,7358,7371,7374,3295,3303,7402,3329,7431,339230,7456,7466,7474,3394,7514,7546,114088,93655,3572,65018,3608,3642,3659,3673,7804,81539,3717,3727,3728,3738,7846,7852,7855,3781,3791,3815,3838,57088,7965,3949,94081,8078,8079,167838,4001,4023,4036,8139,8140,4085,4091,4092,4093
1767,2908,26986,1207,2040,1981
1857,4139,4150,122953,4170,4174,4176,86,151648,4208,4215,8313,142,57510,4286,4288,226,230,8480,28998,334,4436,8562,387,388,408,409,57761,29102,8626,440,29127,8663,488,4613,4615,4628,558,580,201294,4739,8837,197257,4751,8850,8851,672,675,688,4792,8893,8989,4915,9021,860,862,9076,890,891,898,4998,920,942,9134,5050,5071,5074,5077,983,9181,990,993,995,1009,5111,9223,9231,9232,1052,29761,1104,1111,5208,9314,9319,1173,79023,222389,5308,25788,9444,1263,1295,29968,128272,222484,9493,25885,1316,5437,79169,9590,1408,9616,1435,5577,5578,5579,5580,5591,9693,1503,5624,255488,9787,1601,9793,1612,5708,5717,5718,54892,26227,9867,83596,5788,54941,5792,5795,5797,1719,1739,50937,1786,5914,1825,10023,1834,5932,1837,5933,10036,1857,10051,1869,10076,5983,5985,10087,51053,1910,10129,6035,1956,1958,10155,10165,10189,161742,59343,10213,2023,51176,2026,2040,51203,55299,378884,10253,2066,83990,2099,2113,2119,79959,79960,30811,6236,6237,55388,2146,10382,10397,2206,6304,6337,51400,2268,2274,10498,2321,22809,10528,10535,2353,6456,203068,6478,10575,6493,6502,26986,6510,10606,10642,10656,22948,55722,6596,2517,27101,10721,6627,2534,51692,10733,6638,27133,2562,2571,27161,2597,51762,6711,2618,2624,2627,2648,2668,64112,23165,10891,27339,23255,84705,84708,23294,23303,11030,23327,64321,11091,80727,84823,2906,2908,7020,7027,11136,7048,2956,64403,3012,3014,3015,3037,7133,84959,11232,11235,7153,7161,3065,3066,3107,3123,3159,7283,3202,3217,3219,7358,7371,7374,3295,3303,7402,3315,3329,7431,7439,7466,3394,85329,7514,7534,7546,64919,3486,64949,85458,3554,3572,3608,3690,81539,3717,3725,3727,3728,7846,7852,151246,81620,3815,3838,57088,7965,57122,3925,3949,3958,57216,94081,8079,8091,4001,4036,8139,8140,57332,4091,4092
1894,2048,10253,2066,79902,4137,2099,4172,4173,4176,344148,86,79959,151648,6241,100,10342,4208,2175,10382,153,10395,2206,57510,2237,114880,2261,2305,10498,2318,2321,57630,287,2335,10528,57650,203068,28998,332,4430,334,4436,10580,22883,29028,6502,51560,374,26999,387,6549,10659,29102,6578,8626,29109,10687,29127,63967,2534,488,489,10733,4616,2571,51726,55824,10788,558,51762,6711,10810,266812,23165,4739,84612,23173,4751,672,675,4792,699,8936,4854,23286,23299,4915,9015,860,9055,7020,90990,890,891,9088,898,7048,2956,916,9112,7083,3005,54206,11200,966,5074,5077,983,9181,990,993,995,7153,5111,7161,3066,3065,9212,3070,1029,1033,5144,1104,3159,23645,58480,7283,1164,1173,3224,5296,259266,5347,7431,9493,7456,3382,3400,25945,7534,9585,445815,64919,5551,5553,5577,5578,26059,5580,54741,5590,1503,3554,3572,3575,9749,1601,9793,3655,1612,26191,79443,54892,5744,54899,9844,124540,3708,3717,7813,3725,5788,5791,26271,7846,5818,81620,3815,9963,83700,3832,1788,10000,3858,3872,10019,1834,5933,10036,79682,1869,3925,79711,1894,8038,79723,3949,55165,6035,8091,1951,1952,4001,1956,10155,4023,10188,8153,4092,2047
1962,7681,4998,10016,6337,2512,10449,3798,23513,2908,6241,2023,374,155382,1786,55165
1974,4137,41,59,2113,2122,2146,100,4208,4215,10370,2201,10397,219333,4306,57556,2288,2290,10498,8480,10529,291,308,203068,322,10580,8536,26986,6513,387,22916,22948,8626,467,8663,6626,6628,2534,6636,6637,23037,6662,27161,2597,51762,6712,10810,23111,201294,4739,8837,672,55969,675,688,158399,6857,2771,8936,6935,23327,23348,4929,80709,117583,6996,860,896,7041,9094,64397,54165,7082,3014,7111,3065,3066,7161,1019,7167,1073,29767,3148,5217,3205,3209,3239,29893,25801,3295,5347,3303,3304,3315,1277,3329,7431,25885,7514,9569,7534,64919,5551,5578,5579,5580,93649,5591,85464,5624,9729,26137,1601,5717,5718,3692,9839,3725,5789,118429,5791,9886,5797,7846,1780,5883,3838,5888,5901,3855,81704,55081,5933,145258,8087,4005,10155,1981,59343,2018,51176,2037,4091,4092,4093
1981,4137,4173,4174,4175,4176,4208,4215,142,150,57510,57530,8408,226,147700,8470,57630,8508,322,57669,28998,4436,374,387,408,8600,29109,440,8663,488,115207,4660,8837,672,283349,4915,4929,54165,9112,9141,9156,9181,993,995,5111,1019,1029,5139,9253,1104,5202,5208,5214,5217,9319,58477,1207,25801,1280,29967,9493,1326,5424,5437,5496,140707,9641,5551,5553,5578,5579,5580,5581,5590,5591,1503,1528,5624,5704,79443,5717,5718,26227,9846,5756,1739,26353,26355,1786,5906,10016,1834,5933,10036,55103,10051,5962,10130,1956,10155,1981,10174,10188,10189,51154,10198,2018,10213,2023,2040,10248,83983,2078,2099,2113,6236,6240,51306,79987,2175,6282,10382,80014,10384,10392,10397,219333,55504,2261,2274,2288,55540,10498,84263,22824,10539,2353,55603,6456,203068,6472,10575,80218,10606,27000,22916,10642,10644,63893,22948,27101,6627,2534,23037,27161,10797,6711,2618,23111,64092,55920,84612,23173,2730,6844,6857,27339,10963,6897,23286,23327,11091,2908,23406,7041,7048,2956,64398,7064,7068,7083,23471,11186,7094,3014,11214,7133,11235,7145,84978,3065,3066,7163,3070,7167,23584,7203,3148,3164,23645,23658,7345,3303,3304,3315,3329,7431,7514,7534,7538,93655,85464,388697,192111,3717,3725,3728,7846,7852,3777,3832,3838,3855,7965,3925,3939,3949,94081,8078,4001,4008,135112,4048,4085,4093
2049,2048,2066,5144,1058,4137,79930,4162,2175,3224,9369,2206,5296,182,4288,8408,1266,2295,1271,3329,2321,7456,3400,332,26960,10580,25945,7514,7534,445815,6532,6549,64919,55715,10666,5551,117178,10687,26052,26059,5580,5581,5590,2534,55824,9749,1601,9793,1604,4684,3708,6790,3728,5788,5791,5792,675,5818,699,81607,3791,84708,3815,8936,5906,4915,10036,9021,56137,56141,56142,2906,858,79723,4998,9094,1951,1952,1956,7080,7082,942,962,10188,5077,983,1009,9212,2045
2257,57088,5901,7203,2597,10575,10342,873,2668,10606,7534,26227,7804,142,10644,1956,5551,5553,4036,27101,2023,23542
2992,378884,8079,11030,4792,5578,5591,8408,10087,5624,55165
3157,1029,4628,6182,6711,2618,5708,4176,5202,5718,6240,26227,5756,8833,142,10382,10384,57510,4792,27339,10963,26355,3832,3336,5902,84263,1834,203068,5437,10051,6472,80218,26986,23406,94081,22916,10130,10642,22948,10155,440,1981,4048,27101,6627,10213,4085,5111,3066,7163
3840,81928,83990,2091,2099,10301,2113,6241,6242,8322,142,10382,153,57514,226,10498,57630,287,8493,306,203068,334,4436,8535,8556,374,6532,22916,10642,8600,22948,8614,55723,8626,29109,51678,4582,6638,23037,6662,4628,27161,10788,6711,55872,580,84552,2648,55920,641,84612,8837,8850,672,675,688,4792,10951,8936,752,8997,6949,23348,9015,11091,6996,2908,862,871,7020,7027,890,7049,7057,9112,7068,7083,5050,11200,3014,11214,5071,983,9181,7133,995,7153,3065,3066,7161,9212,9223,23560,9232,5144,11335,9289,3148,1104,1111,3159,9314,1173,5272,1191,7345,259266,5325,54498,5347,3303,3304,3315,195828,7431,128272,7443,25885,1316,1326,3394,283971,7514,7534,7538,3486,5557,5578,5580,5591,50649,5597,3659,5717,3690,5744,9844,91768,81539,7852,1718,1728,81620,1780,1786,1788,3838,5888,5901,81704,1834,1869,79711,1909,8091,1958,10155,57332
4071,90627,83983,2078,7203,4137,51762,2099,4660,9793,79959,7283,4215,7295,23173,3725,4751,672,7846,7345,222389,4792,6844,6857,2771,2261,5347,3303,3304,3315,1280,1281,1326,203068,79169,1869,3925,26986,11116,7534,27000,6035,409,9641,1981,5577,5578,7133,2534,2026,10733,5624
4154,3329,22916,10397,22948,322,10189,10575,4215,11130,23037,3838
4291,1030,5139,23584,7203,4137,4172,11346,79959,5208,3164,6236,51306,4208,4215,7295,80014,150,57530,226,3303,3304,2288,3329,9476,7431,9493,8470,203068,85329,7514,1434,27042,5551,29109,5578,5580,5581,5590,85464,1503,5624,92667,10749,9729,9750,2597,1589,6711,2618,5708,388697,64092,23136,9846,84612,7846,6854,1739,84708,23286,1786,23327,10016,1834,5933,10036,55103,3939,162681,4001,1956,7083,10155,7094,1981,9156,3014,11214,10198,9181,993,995,2037,7163,7164,7167
4711,1604,4711,7099
5019,83464,2597,322,22883,25959,7534,4208,23173,6804,84898,80303,6857,5578,7372,5590,4854,3065,3066
5028,8322,55824,5420,7223,5962,2771,2776,1244,2037
5217,4137,4172,4174,4175,53353,4215,142,57510,4306,57556,308,322,57669,28998,374,387,8600,409,29109,283078,8662,8663,488,115207,4628,579,201294,641,8833,8850,672,687,4792,8936,4915,9021,4929,9048,9060,9094,920,9112,9141,5050,5071,983,990,993,5111,1036,9231,9253,1063,1073,1104,5202,5214,5217,58477,1164,25766,1207,79047,79075,5352,79080,25885,1326,5437,5496,9601,140707,9641,5551,5552,5553,5579,5580,5590,1503,1528,5624,9735,1602,5708,5717,5718,26227,54938,5797,1739,5888,5901,5902,1808,5906,5926,1841,5962,5985,79718,6035,1956,10155,1981,51154,51162,10213,2023,2034,10231,2099,10301,10320,79960,6240,51319,6282,10382,10384,2202,6299,2237,55504,2274,84206,55540,10498,55568,2335,10529,22824,55607,6456,203068,6472,6478,10575,26986,10606,10608,6515,6532,22948,63922,27101,6627,2534,27161,2597,51762,6711,6712,2618,10810,2648,55920,23173,6804,55971,64174,6854,6857,2771,10963,84787,84817,11091,2906,23406,7071,7082,23471,3014,7133,3065,3066,7203,3148,7295,7345,7372,3295,7402,3329,3336,7468,3394,3398,7534,64919,114088,130497,3554,3572,65059,3692,7846,81607,3838,57088,3910,8013,3925,3949,221037,4046,4093
5274,7057,3486,2335,3233,5926,7980,3910,843,334,10970,2023,53353
5290,2048,10253,2066,79902,2091,2099,79930,59,2113,4176,6236,4208,4215,2175,2177,8322,4242,150,55450,10397,10418,182,6385,147700,2318,2321,2335,8480,10535,55607,6456,8508,322,323,28998,260425,332,4436,221527,22883,6502,26986,51562,10606,387,388,6549,63893,408,409,8626,29109,80310,29126,29127,55759,8663,84441,51678,63967,2534,4582,488,489,6641,6643,80380,23037,4615,55824,51735,27161,2597,558,10810,84552,8793,64092,641,4739,84612,4751,8848,658,8850,672,675,8871,688,4792,23235,283349,2776,23327,816,4915,9021,11073,64333,54101,84823,9048,2906,860,2908,871,890,11130,7048,2956,916,920,9112,64411,7067,9118,933,942,23471,11186,11200,962,11214,983,7133,990,993,995,7161,3065,3066,3106,9253,7223,11333,9294,1111,7273,7283,9351,1173,9368,5296,25780,113878,1244,64759,7431,9495,25885,5420,5424,3398,3400,7514,7534,7538,9641,5551,5553,5578,26059,5579,5581,5580,54741,5590,5591,54749,3554,3572,3575,9749,9771,1601,9793,1604,3655,5708,3690,54899,3714,81539,3717,54938,5788,5795,5805,1739,3815,9963,5883,3838,5888,10000,5906,10016,10019,5924,5933,10036,79686,5962,1869,79711,1894,8038,79723,1901,6004,6035,4001,1956,1958,1978,26585,51176,2037,4093
5584,4137,4139,122953,4170,90187,4174,4175,4176,86,114781,4208,4215,8318,142,150,57510,57530,4288,8408,230,147700,57630,8480,291,322,28998,330,8522,4436,221527,4440,8562,374,387,8600,409,225689,57761,8626,29109,440,8663,488,4615,115207,4628,4649,558,580,201294,4739,4741,197257,4751,8850,659,8851,672,675,688,283349,8936,752,4854,780,8989,8997,816,4915,4929,858,860,862,9060,873,890,891,898,9094,9099,920,9118,9134,9141,152503,54206,9156,5071,5077,983,9181,993,995,5111,1029,9223,1036,9231,5139,5144,9253,29761,1104,5202,1111,5208,5217,9314,1124,58477,9351,1163,5272,79023,9411,29899,5347,54541,29968,128272,9493,25885,1316,5420,1326,5424,5437,79169,283971,25945,5468,5496,1434,1435,9631,140707,5551,5553,5578,5579,5580,5581,26059,5590,5591,50649,9693,54749,1503,1528,5624,255488,9735,9749,9750,83478,9770,1589,9793,1606,1612,5708,79443,5717,5718,9833,54892,26227,9844,9846,9867,83596,54941,5792,5818,1739,83700,1786,5901,10000,5906,5914,10016,5924,1834,5932,1837,5933,161582,10036,55103,1857,10051,79686,1869,5983,5984,5985,1894,10087,6004,1909,1910,10129,10130,6035,1952,10155,10165,1981,10188,10189,161742,51154,10198,10213,2026,10221,2034,2037,10231,2040,2048,51203,378884,10253,83983,2066,83990,2078,2091,2099,6195,6196,2113,2119,79960,51306,10365,2175,6282,10381,10382,80014,10384,2213,6337,55504,2274,2288,55540,10498,84231,2318,22809,2335,10528,10535,22824,6456,22843,203068,6478,10575,6493,80223,22883,6502,26986,6510,10606,6513,6532,10642,6549,63893,22948,6596,27101,10721,6627,2534,51692,23037,27133,2562,27161,10788,2597,6711,2618,23111,84552,6732,150094,64092,23136,55920,23165,84612,6790,10891,121504,6854,27339,10963,84706,84708,6897,23286,23294,23327,23345,23348,11076,64333,117583,56144,80727,2906,11099,2908,7020,7027,11136,7041,7048,2956,64398,7067,7068,2982,7083,23471,7094,7099,3012,3014,3015,11214,3037,7133,7145,7153,7161,3065,7163,7164,3066,7167,171024,23584,3106,3107,7203,3122,3123,3148,11346,3162,3164,3174,7273,7283,3205,3224,56479,7345,7358,7371,7374,3295,3303,3304,7402,64759,3329,7431,3394,3400,7514,64866,7534,7538,445815,7546,64919,130497,85464,3554,3570,3572,3608,3659,3690,3717,3727,3728,118429,7846,3777,3791,81620,3815,3838,57088,7965,57122,81704,3910,8013,3925,3949,221037,94081,8078,8079,4001,4008,8139,8140,4091,4092,4093
6434,4137,4139,4172,4174,86,79959,6236,6240,51306,4208,4215,51319,6272,10382,80014,142,150,10397,57530,147700,8480,22841,203068,322,10575,26986,26999,22916,51593,408,10656,29127,8662,8663,6626,6627,6628,2534,6635,6636,10733,6637,23034,23037,51735,2597,6711,2618,6732,150094,2648,84612,4751,121504,55969,10951,27339,84708,23286,23294,6941,23327,4915,23350,117583,11091,84823,2908,11116,11136,84894,7094,9156,3014,11214,11228,9181,993,995,7145,3065,3066,7163,7164,7167,23560,5139,23584,7203,9253,11335,1111,5208,3159,5214,5217,7283,3303,3304,3315,3329,7431,9493,5424,79169,7514,7534,7538,85377,5551,5577,5578,5579,5580,5581,5590,5591,85464,1503,5624,9729,9750,3608,1589,9793,5708,192111,9839,9846,7846,1786,10016,1834,5933,10036,55103,55110,3939,10129,4001,122786,1956,10155,79801,1981,10189,26586,2023,2037
6474,7431,9480,142,6672,81559,25800,59336,6474,5578,8013,7764,8535,5083,54620,374,8313,4093,3198
6498,4139,59,122953,4170,4174,4175,4176,86,53335,88,114781,151648,286826,4208,8313,142,8351,8355,4261,8358,57510,4286,4288,4306,57556,230,8458,8480,57648,57659,321,322,323,28998,332,4436,8535,8556,8562,387,388,57761,427,8626,440,283078,29128,8663,66008,488,90627,580,201294,641,4741,8837,197257,4747,4751,8850,8851,672,675,687,688,4784,699,701,727,90861,752,8989,4897,8994,4915,4929,843,858,860,862,863,4982,9079,890,891,896,9088,898,9094,9099,54165,920,9112,9133,9134,943,9141,966,5071,5077,983,993,995,5111,9212,9223,9231,1062,54331,1104,1111,5208,5217,9314,5268,1173,5270,1191,79023,5307,5308,25788,5325,1280,1285,1286,29968,222484,9493,25885,1316,5424,5437,79169,25925,5450,5496,1435,26047,5578,5579,5591,9693,1503,5624,255488,54796,9787,1602,1612,5708,5717,5718,54892,9839,26227,9867,83596,5789,9886,26271,5792,54941,5797,1739,1746,1780,50937,1786,1788,1789,5888,5901,5906,5914,10016,5926,55081,1834,5932,5933,1839,10036,55103,1857,10051,5962,1869,1870,1871,5983,5984,5985,79718,55143,1909,1910,157570,10129,6035,10155,10165,10189,161742,51151,59343,10212,2023,51176,2026,2034,2040,51203,55299,378884,10253,2066,83990,2078,79902,10272,10301,2113,2119,2122,145483,10320,6236,6241,2146,2150,79987,10365,2177,10370,10381,10382,2201,2202,10397,6304,10403,2237,6334,6337,10457,10460,51427,84206,6383,2288,2290,2305,2313,2318,6423,22809,10528,10535,55603,6456,203068,6478,10575,10580,80218,6493,6495,22883,51560,26986,6510,10606,6513,6515,145781,6532,51593,10642,63893,22948,55723,6591,166336,6596,80325,27086,2517,27101,55775,63967,10721,6627,2534,10733,23037,27133,2562,6659,6660,6662,23046,10765,6672,51735,27161,2597,23090,51762,6711,2618,2624,23111,6732,64092,2668,10891,64174,10951,6857,27339,23294,6926,11030,6935,6941,23327,84787,23348,6988,117583,56144,11091,6996,80727,2908,7022,7027,7029,23414,11136,2956,64397,7057,7068,7071,7083,11200,3012,3014,3015,3037,7133,7134,7153,7161,3065,3066,3068,3070,7167,3090,7203,11335,3159,3162,3164,23650,7272,7273,7283,3202,3205,3207,3209,3221,3224,3227,3233,3239,7345,7358,7371,7374,3295,3304,7402,195828,64759,3329,7466,7468,3394,3398,7514,7534,7538,7546,64919,3486,93649,3570,3572,7681,3608,3642,3659,3676,3690,3692,192111,7804,81539,3725,3727,7832,118429,56992,7846,7852,3775,81620,3815,3832,3838,57088,3858,7965,81704,7980,3939,3949,94081,8078,8079,8091,4001,4005,4023,8139,8140,57332,4085,57338,4091,4092,4093
7037,79890,4137,4172,4173,4174,4175,4176,6236,6240,51306,4208,4215,142,10382,10384,150,57510,57530,8408,226,2274,55540,8470,84263,22824,203068,28998,4436,80218,26986,10606,374,22916,10642,8600,22948,440,51660,27101,6627,2534,488,10749,23037,2566,115207,4628,2597,10797,558,6711,567,150094,64092,55920,84612,658,2730,4792,6854,27339,283349,23286,4880,23327,4915,9021,11091,873,23406,2956,54165,7064,7083,23471,11186,9141,7094,962,9156,3014,11214,983,23513,9181,993,11235,995,7145,5111,7161,3066,1019,7163,7164,7167,5139,23584,3106,7203,9253,3133,3148,1104,5202,5208,3164,5214,5217,3174,7345,3303,3304,3315,3329,7431,3336,9493,1326,5437,3394,283971,7514,5496,3479,1434,140707,5551,5553,5578,5580,5581,5590,1503,1509,5624,1528,9750,1589,5708,26191,79443,5717,5718,26227,5756,5788,7846,7852,26355,3832,1786,5901,5906,7965,10016,10019,1834,5933,10036,55103,10051,5962,3949,94081,6035,4001,1956,4008,1981,135112,4048,51154,10198,10213,2023,4085,2037,4093
7157,81928,81930,131096,41,4137,4139,4150,59,4170,4172,4173,4174,4175,4176,86,53335,114781,151648,100,57447,286826,286827,4208,4215,8313,8317,8318,8322,142,150,153,4261,57510,57530,4286,4288,114880,8395,4306,57556,8408,254173,226,200933,230,147700,57619,8470,287,8480,291,8493,57648,57650,308,322,28998,28999,330,332,334,4436,8535,8536,29028,8556,8562,374,387,388,408,409,225689,57761,29102,8626,29109,440,283078,29127,29128,467,8663,8671,488,221687,221692,4605,90627,4613,4616,4628,547,4649,558,4660,266812,580,8794,605,641,8833,4739,8835,8837,197257,4747,4751,8848,8850,659,8851,668,672,675,687,688,4784,4792,699,701,8893,8910,8914,283349,4839,8936,90861,4854,205564,783,4880,4886,8989,8991,4897,8994,816,4915,9021,4929,9048,860,862,863,9055,9060,4973,90990,9079,890,891,896,9088,898,899,4998,9094,5001,9099,916,54165,920,9112,9133,942,9134,9141,9148,961,972,5071,5074,5077,983,5083,9181,990,993,995,5111,1019,9212,9214,1028,9223,1033,1036,9231,5140,5144,1058,9253,1062,1063,54331,29761,1104,5202,1111,5208,5217,9314,9319,58477,58480,1164,78990,5268,1173,9368,25766,1191,54443,5296,79026,25780,1207,5308,25790,259266,9411,29893,5318,25804,5325,5347,9444,1263,5366,9467,1277,1281,9476,1290,1295,29968,222484,9493,9495,25885,1316,1326,5424,30001,5426,5427,5437,79169,283971,5450,5453,5454,79187,9569,9585,9590,5496,25976,9601,9603,9616,1434,1435,9631,9639,9641,5551,5553,9650,1463,26047,26052,5577,5578,5579,5580,5581,26059,54741,5590,5591,5597,9693,1503,9700,91624,5624,255488,9735,5649,9750,83478,26137,26153,1589,9787,9793,1602,5704,1612,5708,54861,79443,83540,5717,5718,9824,9828,54888,54892,9839,5744,26227,91768,54908,124540,157313,9867,83596,26256,5788,5789,9886,5791,26271,54941,5795,5801,5805,1718,1719,83641,9915,1728,1739,1746,1747,1749,55003,79586,5873,26355,1780,50937,1786,5883,1788,55038,5888,5901,112399,1808,5906,10016,5926,10023,55081,1834,5932,1837,5933,10036,55093,1848,51002,55103,1857,79682,10051,55110,1869,1870,1871,55120,79695,5983,5984,5985,79711,1894,55143,79718,79723,51053,79728,1906,1909,1910,55159,55165,10112,157570,55176,10129,6035,1944,1945,1951,1952,1958,10155,10165,79801,1981,10174,10188,10189,161742,51151,59343,6097,51154,10198,26586,10213,2023,51176,10217,2026,51185,2034,2037,10231,2040,51193,79866,2048,51203,378884,10248,10253,83983,2066,83990,55321,6182,2091,55342,2099,6196,79930,10301,2113,2115,2119,2122,145483,10320,79959,79960,30811,6236,55388,6240,6241,2146,2150,10342,10346,51306,79987,51319,10365,2175,6272,2177,2178,10370,6282,10384,51347,10391,10392,2201,6299,10397,2206,6304,10403,2237,6334,6337,116931,219333,51400,2261,55509,2268,10460,51427,6383,2288,2295,10493,2305,10497,10498,2313,55568,2321,22809,2335,10528,10535,133418,112939,2353,55605,55607,6456,6457,22841,51514,203068,6472,260425,317772,6478,10575,26960,10580,6491,6493,26973,80223,22883,6505,26986,51562,6510,10606,6513,55669,145781,26999,27000,10628,22916,51593,10635,10642,10644,6549,63893,10656,22948,6566,55723,80303,63922,117178,6591,6596,51659,27085,27086,55759,2512,51669,84441,80346,27101,51678,55775,63967,10721,6626,6627,6628,63973,2534,51690,6637,10733,23024,23037,27133,6657,2562,6659,2566,6662,23046,2571,10765,51726,387597,6672,55824,51735,27161,10788,2597,6711,6712,2618,2624,55872,2626,2627,84552,6732,55885,150094,2648,64092,23136,23143,2668,2669,55920,64112,23165,84612,23173,10891,6804,6812,55969,121512,10926,64174,2736,6844,23228,158399,23235,6854,10951,6857,27339,2771,6867,10963,2776,84708,2791,6894,6897,11004,84733,23294,23299,2823,6926,6935,6941,6942,23327,23328,23345,84787,23348,11073,56141,64333,117583,11091,6996,80727,84823,2906,11099,2908,7020,11116,7022,23406,7027,7029,23414,11130,11136,7041,7042,494470,7048,2956,64397,64398,7057,7064,84894,7077,2982,7080,84904,7082,7083,166824,23471,11186,7094,7099,3005,11200,3012,3014,3015,23499,11214,23513,11228,3037,7133,7135,11232,23518,11235,220134,7153,7161,3065,3066,3070,23560,171024,3090,3092,23584,3107,7203,23594,220213,7222,7223,11335,3148,3159,3161,3164,23650,3174,23658,7283,23673,3202,3205,3206,3207,3209,3217,3219,3221,3224,3227,56475,3229,3234,3236,3237,3239,7345,7358,7371,7374,3295,3303,3304,7402,64759,3329,7431,3336,7443,7466,7468,3394,3398,150864,85329,7514,7516,7517,7534,7546,64919,3486,359845,114088,126382,130497,93649,93663,3554,3572,7681,3608,3642,56896,56902,24138,3659,7764,3670,3673,388697,3676,3690,3692,192111,3708,3709,7804,81539,3717,7813,3720,3725,3727,7832,118429,56992,7846,7852,3775,3777,151246,81620,3798,3815,155382,3832,57082,3838,57088,3858,81704,7978,130872,8013,3925,3939,3949,221037,3958,94081,3977,8078,8079,8087,8091,8092,4001,122786,4005,4036,135112,8139,8140,57332,4085,57338,4091,4092
7204,9223,220213,4174,6242,58477,7283,4215,81035,56479,57510,3303,7402,64759,9467,54532,54536,128272,2321,22809,57630,22843,203068,10580,22891,7534,387,399,114088,29109,6596,5578,5580,5590,50649,50650,2534,6636,5624,4615,83478,10788,6711,83540,3676,3690,54892,55920,3708,23165,8835,84612,23173,3717,5789,55969,675,2730,57016,10982,8936,23286,23287,1808,10019,8997,81704,23348,10051,54101,5983,891,94081,6035,1956,7082,7094,961,23499,11214,5071,9181,7133,7145
8500,10253,4139,4172,4174,4176,79959,88,79960,30811,151648,6240,51306,4208,4215,51319,10382,57530,51400,4306,147700,10498,2353,22841,203068,10575,51560,26986,26999,6532,51593,57761,29127,2534,10733,23034,2562,2571,4628,51735,547,6711,580,6732,55885,64092,10891,4747,4751,658,672,55971,4792,27339,23294,23327,2869,117583,11091,2908,11116,896,11136,11145,920,7067,7068,7080,11200,11214,23513,11228,9181,11235,995,1019,1029,23560,7203,9253,5202,1111,5208,3164,5217,9319,7283,3219,5347,3303,3304,3329,7431,9493,5424,5468,7538,85377,64949,5577,5578,5579,5580,26059,5588,5590,5591,1503,5624,116225,9729,9750,54820,9768,9793,192111,3717,3728,5788,5789,5791,5792,5797,7846,7852,151246,1746,1749,3798,5901,5906,5914,5933,10036,55103,1857,55110,10076,79718,10129,122786,1956,4008,79801,10198,26586,2023,2037
8975,10253,9231,2066,83990,5166,7223,4175,5217,1124,4215,142,78990,10397,6337,7372,226,5347,2274,3303,79080,146691,2318,128272,57630,8480,10529,55603,6456,203068,5450,330,332,6478,4436,6502,26986,10608,408,409,8626,63922,27101,2534,113130,5624,51726,23089,23111,5708,8793,641,81539,8837,197257,8848,8850,672,675,7846,7852,4792,81620,1788,3838,112399,3855,8989,23327,10023,5932,1857,1869,1906,890,57216,898,4998,2956,8078,6035,54165,7068,1956,11186,9156,10189,10231,7161,1019
9070,4176,286826,4208,4215,8313,142,8352,8355,57514,4286,8458,306,57659,323,8535,29028,374,387,399,29102,283078,29128,8663,4605,4613,4616,547,579,8829,641,53904,8850,659,8851,672,675,687,9015,4929,860,871,9079,890,898,916,920,9112,5050,983,1009,1019,9212,1029,9223,9231,54331,29761,1104,1111,5217,9314,1124,1164,5272,1191,79023,5296,5308,5347,9444,54532,1316,5468,9590,9641,5551,5553,5578,5579,26059,5590,5591,9693,5624,26137,1601,1602,5708,79443,5717,54893,9839,26234,9886,5792,5795,5797,55003,5865,50937,1786,1788,5888,5901,5914,1825,5926,5933,10036,1848,55103,1857,1869,1870,1871,55120,10076,79711,5985,79718,6035,1958,10155,10189,6097,51176,2034,55299,83983,55324,2091,2099,2113,10320,79960,2146,79987,10365,2177,10397,6304,2268,2281,6383,2288,10498,2313,2318,2321,2335,10529,10535,6456,51514,203068,260434,80218,6502,51562,10608,10626,6532,10628,10642,10656,22948,55723,55734,166336,55759,27101,6627,6628,2534,6636,10733,51692,10763,6672,23086,51762,6711,2626,2627,6732,2648,2668,23173,10898,121504,55969,10926,64174,84662,23234,10951,6857,27339,2791,23286,11073,64333,11091,2906,2908,7020,7027,7029,7048,64403,7068,7071,11200,3014,23513,7133,7153,3065,3066,7167,7203,11335,3159,23650,56475,7345,7372,3303,7431,3336,7466,7468,3398,85329,7514,7534,64919,130497,81539,3725,3727,3728,7832,81620,57104,7980,3925,221037,8091,4005,4036,57332,4091,4092,4093
9175,4616,4628,203068,3690,4215,7804,2175,6790,142,10382,57761,1956,4036,3014,5578,5579,5580,5588,5590,5591,10221
9180,3595,2066,3635,3717,672,7852,5296,4792,1230,3815,64759,23294,57088,1285,1286,25885,10019,9021,322,7514,374,51072,3977,54206,5578,5580,54741,5590,84959,11235,4582,2534,3570,3572,23542
9319,10253,83990,4137,55342,2099,30811,6236,10342,2175,2177,142,10382,57510,6337,51400,8408,8470,57630,8480,291,6456,203068,10575,10580,6493,10606,6510,55669,374,6532,10656,22948,55722,55726,29127,6627,2534,488,6637,23037,2562,115207,2571,2597,23165,10970,84705,10982,119559,11030,816,64333,11116,9076,23413,898,5013,84904,7083,152503,5050,11200,3014,84959,11235,995,3066,1019,11260,23583,7203,3164,5214,9319,7283,3205,3219,3229,222389,29893,25804,9444,3303,79094,1280,7431,54536,3336,7443,222484,7447,25885,5424,5450,7514,5551,5577,5580,5591,5597,5624,65018,91683,5717,26227,81539,3717,3728,5788,7846,1739,151246,3815,57088,1808,5914,7965,10016,55075,5932,5933,1857,79718,221037,55176,6035,8087,55227,1981,4085,10231,4091,4092
9631,2122,4172,4173,4174,4175,4176,10320,79960,6240,4208,4215,8317,2177,142,10382,10384,4286,219333,55504,55540,2335,22824,112939,2353,55603,203068,28998,332,4436,10606,8600,27037,27101,6627,488,23037,115207,4628,10797,6711,2618,580,23111,2648,2668,55920,641,8850,672,675,2730,4792,6897,9021,4929,11091,860,9060,23406,896,7048,2956,54165,7082,23471,9141,5071,23513,11235,5111,3065,3066,1028,1029,1030,3090,7203,9253,3148,1104,5202,5217,58477,7295,56475,7345,1207,259266,29967,1326,5437,3394,283971,7534,5496,64919,140707,5553,130497,5579,5590,93655,1503,3554,1528,9735,5708,5717,5718,26227,3728,54938,1739,81620,3838,5888,5902,5906,3858,7965,5933,1841,10051,79686,8013,1871,3925,5984,221037,94081,157570,10130,6035,10155,1981,4048,51154,10213,2034,10231
9711,2313,23086,6711,51256,80183,4170,332,64333,1612,2648,54893,9839,79987,11130,23173,8850,729238,7832,8091,8626,80325,5318,8663,5591
10051,4137,4139,122953,4170,4173,4174,4175,4176,86,53335,4215,142,4261,57510,4288,230,8480,57650,322,28998,4436,29028,8562,374,387,388,409,57761,8626,440,283078,29128,8663,488,115207,4628,266812,580,201294,8793,8833,4739,197257,4751,8850,8851,672,675,688,4784,701,8989,4915,860,863,873,890,891,898,4998,9099,54165,920,9133,942,9134,9141,5071,5077,983,9181,990,993,995,5111,1019,1029,9231,1052,1104,5202,1111,5208,9314,58477,5268,1191,79023,5308,259266,5325,5347,9476,54541,29968,9493,25885,1316,5426,5437,79169,283971,9601,9616,1435,5577,5578,5579,5588,5591,9693,1503,5624,255488,9787,9793,1602,5708,5717,5718,54892,9839,26227,5756,9867,83596,54941,9892,9918,1739,26355,1786,1788,1789,55038,5901,5924,5926,1834,5932,5933,1857,10051,5962,1869,5983,5984,5985,1894,1909,1910,157570,10129,10130,6035,1956,10155,10165,1981,10189,161742,59343,10212,10213,2023,51176,2026,2040,51203,10253,2066,83990,2091,2099,2113,2119,2122,10320,79959,55388,6240,2146,2150,10381,10382,10384,10392,6304,6337,2274,10498,22809,10528,10535,22824,84263,10539,2353,6456,203068,6472,6478,10575,10580,80218,6493,6502,6510,10606,22900,6520,10628,22916,10642,22948,6566,6591,6596,6615,27101,10721,6627,6636,10733,51692,23037,27133,2562,23046,27161,10788,2597,10797,6711,2618,2624,23111,6732,2648,64092,23136,23165,10891,64151,55969,2730,64174,2736,23235,6857,27339,10963,10982,23294,6926,6941,23327,11091,80727,2908,7020,11116,7027,23414,11136,7048,2956,7064,7067,3005,7101,11200,3014,3015,23513,3037,7133,84959,11235,220134,7153,7161,3065,7163,7164,3066,3070,7167,3107,7203,7283,3241,7345,7358,7371,7372,7374,3295,3303,3304,3315,3329,7431,7466,7468,3382,3394,7514,7534,7538,7546,64919,3554,3572,3608,3642,3717,3725,3727,3728,118429,7846,57016,151246,81620,3798,3815,3832,3838,57088,7965,57122,3949,94081,8079,4001,8139,8140,4048,4085,4091
10188,2048,10252,10253,2066,79890,2099,79930,4162,4172,344148,6237,100,4215,2175,10384,153,154,10395,10397,2206,8355,4288,2261,2288,2295,57630,287,2335,6456,322,323,28998,26960,10580,22883,51560,26986,374,26999,387,6532,409,10659,55715,29102,6578,8626,29109,10687,29127,51678,2534,4582,489,6643,23037,2571,51726,4628,10788,2597,4649,558,51762,6711,266812,84552,4684,6732,23136,152189,4739,84612,23173,659,672,675,4792,10938,2771,10963,84708,8936,4854,23294,23328,23345,4915,23348,9021,2908,127845,7020,90990,9094,916,9112,933,152503,7099,3005,962,5077,983,7133,7134,84959,993,23542,5111,7161,7167,3092,5144,1058,9253,58480,1173,3224,9368,5296,7345,79026,9411,1266,54532,7431,7456,1326,5424,3400,85329,7534,9590,445815,64919,9641,5551,1465,5578,26059,5580,5581,5588,54741,5590,3572,5627,9749,83478,1601,9793,1604,3655,26191,9829,9846,124540,3708,3717,3725,3728,5788,5791,5792,5795,7846,3815,9963,57088,3855,3872,10019,10021,81704,10036,5962,1894,8038,79723,3949,6004,6035,1951,1952,1956,10155,4023,1981,10174,10188,10189,2023,2047
10409,7431,10382,4628,6711,203068,283971,1612,5591,83543,1627
10644,55299,7203,4173,4176,5214,23658,58477,142,154,57510,2237,5352,3329,7431,8458,10575,6502,26986,7534,6510,374,55691,10642,10644,5551,5553,5578,5590,27101,63967,3572,23037,3608,27161,9793,2627,56915,2668,26227,8848,8851,54938,57016,4792,10963,3838,57088,5901,55081,1841,824,79674,9048,2908,79711,5984,3939,23397,11130,94081,10130,10155,5042,1981,3014,10189,51170,2023,2040,3065
10923,2099,4150,59,2113,122953,4170,4176,10320,286826,4208,2175,10370,142,2206,6304,2237,4286,6347,2288,55540,10498,10535,133418,57658,6478,4436,374,408,409,55723,8626,63922,6596,283078,63967,10721,4605,23037,6657,4613,6662,2597,6711,2626,2627,580,2668,10891,8848,8850,6804,672,688,2736,4792,8893,8914,6935,6996,9048,860,7020,23414,890,891,896,2956,9112,9156,5077,983,5083,990,11232,995,7153,5111,7161,3066,3065,7167,1028,1029,1052,1111,3159,9314,3202,3206,3217,3219,3225,3227,5325,7374,3295,79075,3303,25885,5424,5426,5454,7514,9616,5578,5580,5581,5590,5591,5624,9768,81539,3727,5788,81620,1786,3838,57088,5901,3855,5914,5932,5933,10036,1857,1869,55120,3925,5983,5984,5985,51053,3958,8091,1958,2018,2023,51176,2026,2034,4092
11235,10253,7203,4137,4172,4173,4174,4175,4176,5202,79959,30811,6237,6240,151648,9319,7283,4215,10382,7345,51400,5347,3329,54532,1285,1286,22824,5424,308,203068,283971,10575,26960,4436,10606,7534,1397,388,22948,9641,440,29127,5577,5578,5580,5591,159195,27101,9693,10733,3572,5624,2562,115207,4628,51735,10797,9793,5708,3717,3725,4751,7846,2730,151246,283349,5902,5906,1834,5933,1857,10051,11091,11136,94081,11145,3977,2956,54165,26524,1956,166824,9141,1978,1981,4048,983,23513,11235,10213,5111,3065,57338,1019
11336,2048,2066,83990,2099,4176,86,1173,23705,55450,10397,57510,57555,226,5347,9467,10498,2318,9493,339230,10528,5426,57650,309,3382,260425,332,4436,10580,29028,6502,51562,9615,114088,5578,5579,5591,1503,2534,488,5624,10765,10788,51762,3642,83540,2648,54892,23165,641,3725,672,7846,1739,81617,283349,10970,23286,5883,1788,3838,5906,11031,5912,8991,1834,5933,816,10051,11091,79711,5984,1894,7020,2956,122786,10155,9156,4036,23499,5071,983,9181,990,7161,3066,51195,3065,3070
11342,7681,55299,55819,580,81539,9867,78990,8854,54941,672,4792,113878,84206,23327,330,79718,55159,494470,9616,9641,55723,9148,6596,221687
22871,2066,4628,3642,7804,8322,8324,23173,153,23705,6857,1739,10509,9495,11031,339230,148281,321,2906,6532,9615,55227,4036,23499,2534,5624,23037
23101,3329,3090,1869,53335,2146,3725,1173,9411,29127,3066,4092,3838
23355,2313,57104,2335,23086,6711,64333,2648,23650,54893,9839,79987,23173,8850,7832,8091,2512,8663
23379,26227
25836,9223,23310,6672,84787,10036,3899,2113,11335,4175,23650,4215,8087,64919,8352,121504,8358,171177,10155,5551,4288,10951,29127,57332,3065,1786,1788,1789
26064,4137,4139,2099,4174,79959,6236,6240,10342,51306,4208,4215,51319,10381,80014,150,10397,57530,6354,2288,147700,84231,80178,22841,203068,10575,26986,26999,408,409,22948,29109,29127,51692,10733,23034,51735,10788,2597,6711,2618,580,6732,64092,23136,2669,84612,4747,4751,672,27339,2771,23286,23294,23327,816,11116,11136,7083,7094,9156,3014,11214,983,23513,11228,9181,993,995,7145,7163,11260,23560,5139,5140,23584,7203,9253,1073,5202,1111,5208,3164,7283,7295,5296,25780,3303,3304,3315,3329,7431,9493,5424,283971,7514,9585,7538,5551,5558,5577,5578,5579,5580,5581,5588,5590,5591,85464,1503,5624,9729,9732,9750,54820,1589,9793,5708,83543,192111,26227,9846,7846,3777,1739,1786,83732,10016,55075,1834,5933,10036,55103,55110,1869,5984,3939,10129,4001,122786,4008,1981,10198,26586,2023,2037,79866,4093
27230,2078,7203,1062,2099,1124,4215,2175,10397,7345,4306,2261,3303,3304,3315,54541,1294,287,1326,55603,7534,6513,27000,6532,408,409,9641,63922,5579,51726,4660,3655,3717,83596,3725,8848,672,7852,4792,1728,6857,10963,1786,3838,7965,3925,4973,6035,7068,23471,1981,5071,7133,10231,3065,3066,1019
29102,2048,10252,10253,2066,2099,6195,2113,344148,6237,100,10342,4208,2175,142,153,10395,2206,8351,2213,8358,2261,2321,287,2335,10539,28998,334,22883,6502,51560,6506,374,26999,10659,29102,6578,8626,29109,10687,29127,8663,2534,4613,2571,51726,55824,6672,547,558,51762,6711,266812,2626,2627,4739,23173,672,675,8936,4854,23328,4915,6996,84823,858,7020,90990,9079,890,9112,7071,933,152503,3005,54206,7101,966,5077,3065,3066,1019,7167,5144,3159,9314,58480,1173,3224,3227,5296,1271,54532,7456,1316,3400,64919,5551,26059,54741,5590,5591,3572,9749,9793,3655,26191,9846,124540,3717,3725,5791,3815,9963,1786,5888,3855,10019,5933,10036,1857,1869,1870,1871,8038,79723,3949,6035,1951,1958,10188,2023
29970,2048,131096,79902,2091,4139,2099,6196,4150,59,10301,2113,86,30811,6236,151648,4215,57464,10382,142,10397,4286,51400,226,200933,2290,10498,287,8480,10535,322,10575,145781,374,409,57761,22948,117178,6596,283078,29127,27101,2534,6636,6637,55803,2562,2571,10765,10788,6711,2626,2668,23173,4741,197257,4747,672,55969,675,4792,6857,283349,23287,2869,2906,2908,860,11116,890,891,896,898,9094,2956,9112,11186,9141,11200,5077,983,11228,7133,11235,3065,64506,3066,9223,23560,5139,7203,7222,3161,9319,347240,7273,9368,56479,1191,3304,7431,9495,25885,1326,79187,7514,7534,7538,64919,9641,26033,5578,5580,5591,5624,3608,5708,5717,5718,81539,3717,3725,3727,5805,57016,1739,151246,57088,5901,5906,7978,5933,1857,83858,6035,1956,1978,1981,8139,10198,10213,57332
51122,4792
51193,6662,1052,6196,59,2624,2113,1602,122953,2122,3659,3148,3159,9314,286826,2668,10370,3205,3206,3207,10891,3725,142,8850,3219,672,3233,121504,3236,64174,688,219333,5325,6894,3838,2305,10498,10497,6949,10535,55607,1869,1871,11091,4436,6996,1879,860,2908,79718,374,6532,10635,2956,8092,1958,9639,10155,5553,5580,5111,5624,7161,51193,3065,3066,4605
51319,23560,1033,171024,9253,4139,2099,10301,2113,2115,4174,1111,5208,79959,6237,5217,51306,23658,7283,4215,51319,1164,10382,5272,10397,57510,57530,5318,25804,5347,3303,3304,3329,10498,7431,3336,9493,5427,22841,203068,5468,29028,26986,7534,26999,85377,6532,399,57761,29127,5577,5578,5579,5580,5590,5591,27101,1503,51690,10733,23034,23037,4628,51735,27161,6711,9793,6732,5717,64092,192111,9846,81539,4741,10891,654,8850,659,54938,672,55971,7846,27339,5873,23294,4862,5914,23327,5933,84787,10036,55103,55110,3910,1869,2908,5985,79718,11136,55177,10129,7067,7068,122786,7080,7083,9141,3014,11214,10198,26586,51162,11228,9181,2037,5111,1019
51726,10252,10253,2066,4137,2099,10301,4172,4176,6237,100,10342,4215,2175,8335,153,154,10395,2206,8352,8358,4306,2261,57569,6382,10498,2321,287,2335,22824,55603,203068,4436,51560,374,387,6532,10642,10653,10659,22948,8614,55723,29102,6578,8626,63922,10687,29127,2534,4582,488,6662,2571,51726,55824,4628,27161,2597,558,51762,6711,266812,580,641,8833,23173,8837,8848,672,675,55971,4792,10963,4833,8936,785,23345,84787,11091,2908,9112,7067,7068,7080,7094,152503,5050,3005,54206,3012,966,3014,23499,5071,5077,7153,5111,3065,3066,1019,5144,1063,23594,1113,58477,58480,1173,3224,1191,171177,5296,7358,79047,3303,5352,3304,7402,3329,54532,54541,7456,5424,3400,445815,64919,9641,5578,26059,5579,54741,9693,3572,3635,1601,9793,3655,5708,54861,26191,5717,26227,9846,124540,81539,3717,83596,3725,5788,5791,7846,5805,1728,3815,9963,1786,3838,57088,5906,7965,3872,10019,161582,79711,1894,8038,79723,3949,10130,1951,4001,10165,10188,51170,2023,2026,4085,10231,2047
54165,2099,2122,145483,4173,4174,4175,4176,6240,4208,4215,10370,729238,6334,6337,57556,2290,22824,2353,4436,10580,6502,10606,145781,387,397,409,8626,80325,27101,2534,23037,6662,115207,4628,51735,10797,23111,2648,64112,4739,8850,672,675,2730,688,6857,6935,23327,23348,117583,80727,2908,860,896,898,2956,64397,54165,7067,11186,9141,5071,23513,993,11235,995,5111,7161,3065,1019,3066,1028,1029,1062,5202,1111,5214,3205,56475,3304,3329,283971,85329,9569,7534,9616,64919,9641,5578,93649,9693,1601,54855,5708,1612,1618,5717,9839,5788,118429,9886,81620,1780,5901,5902,3855,81704,55081,5933,10051,1869,94081,1981,8139,59343,4048,10213,51176,2040,4091,4092,4093
54904,9223,6672,8352,10155,84787,2099,4288,10951,11091,6502,1789
55290,1028,1029,9223,10248,1052,23594,2091,2099,4172,4173,4174,4175,4176,55388,2146,23657,286826,4215,8317,8318,10370,4232,8355,5347,3304,2295,25885,8480,322,3398,5454,51562,26986,7534,374,22908,51593,54675,6549,55706,1435,8614,9641,55723,5551,283078,5581,6628,113130,6635,6636,6637,6638,9735,27161,84515,3672,3673,388697,9833,3692,9839,23165,641,8837,3725,8848,672,55969,7846,10926,688,2736,4792,81620,10982,23286,5901,57122,5932,5933,9015,1869,2908,862,3958,890,11130,896,898,4998,5001,8079,6035,1981,3014,8140,5077,7133,990,10213,79850,2034,5111,3065,3066,1019,11260,4093
55324,55324,6711,5704,4175,27339,3303,1786,3329,10497,7431,11091,7534,51645,3005,5578,8662,6627,6636,23037
55669,83990,1063,4137,2091,4170,4172,6236,9319,58477,7283,8318,10391,57510,7846,7371,27339,1739,3315,3329,7965,203068,4430,6493,5985,55669,6520,94081,898,6035,6566,427,11214,6643,5111,65018
56477,6347,6354,2534
59339,81539,222484,7965,10656,55722,5050,1857,201294,84708,3815,9319,10606,9076
59343,2048,2122,4176,79959,4208,4215,10370,10382,729238,2201,6304,57510,4286,4288,57556,2268,203068,4436,10580,8535,6513,22900,374,387,6532,51593,8626,80325,467,63976,10733,23037,6662,6672,4628,2618,266812,6732,23143,2668,641,4739,4741,6790,4751,8850,8851,672,675,688,4792,23228,6857,6935,23327,8997,23348,11073,117583,11091,6996,860,2908,11116,7048,64397,54165,9112,9134,3005,5074,7153,7161,3065,1019,11260,3066,3164,7283,3205,3209,3239,3241,5325,5347,3303,3304,3329,7431,283971,5450,85329,7514,5468,9569,7534,9616,64919,1434,5577,5578,5579,85458,5588,5591,5624,146956,1601,9793,3659,1612,5717,1627,9839,3717,3728,118429,9886,7846,1780,1789,3838,5888,5901,81704,55081,5933,10036,1857,10051,3910,5984,55143,145258,3958,94081,1958,10155,59343,51154,2023,51176,2034,4091,4093
59345,7431,4880,5906,6711,203068,283971,1612,4430,83543,1627,5496,10382,10130,6035,22948,1739,2771,5591
79674,1063,2122,3148,4172,4173,4176,5202,58477,8318,3202,3209,10391,3224,57510,3239,1191,57514,79023,5296,7345,7371,2281,2288,3315,8458,5424,5437,283971,25925,6472,4430,79183,8535,80218,7514,51560,10606,6510,7534,55669,374,387,388,399,10644,6566,427,130497,27101,6627,10733,6643,23037,90627,6660,115207,2597,23090,1601,579,5717,9839,4739,650,654,8848,8850,659,7832,9886,57016,27339,5901,5902,6935,548644,55081,1848,55103,117583,55120,860,79711,5985,23397,94081,7042,7048,8091,7068,9141,23513,51170,51176,5111,3065,1019,4092,9212,4093,4091
80012,142,5591,8535,990,57332
80223,8850,658,22841,3014,983,80223,23037
84248,54020,6405,63893,5933,59,4036,6652
84674,8837,7431,115207,10382,10392,2597,203068,5578,2274,3303,3304
84859,23560,9253,4139,4174,11346,1111,5208,79959,6240,51306,7283,4215,51319,10382,10397,57530,5318,5347,3304,147700,3329,7431,9493,5424,22841,203068,26986,7538,26999,29127,5577,5578,5579,5580,5590,5591,1503,10733,23034,10749,9729,4628,9750,51735,6711,9793,6732,64092,23136,192111,9846,4747,4751,7846,27339,23294,23327,10036,55103,55110,11136,10129,122786,4008,79801,11214,26586,11228,9181,2037
85476,7203,5166,54331,1601,10342,7273,2668,26227,142,10963,2274,2288,57088,5901,144165,7980,3394,10575,3939,873,26986,10606,7534,7048,6035,10644,22948,5551,5553,166336,27101,2023,23542,4091,4092
90268,8322,387,8078,6035,1173,11030,84904,10174,1601,5578,5579,860
90441,2048,1028,4616,6195,6196,4150,2113,2626,286826,2668,4215,4741,142,3727,2745,4286,3303,3304,23287,57088,10498,8458,10016,10535,5933,9021,1869,1871,860,6502,7534,890,898,408,409,4001,5553,5578,27101,993,3066,7164
116931,10765,2078,547,2099,2119,3148,2668,3725,8850,672,116931,29893,4306,3303,5901,8991,291,7468,85329,6996,860,2908,221037,896,7041,898,1956,983,5591,993,3572,3065
151613,9729,220965,11067,55885,55388,6495,9055,2146,51562,64112,7538,7804,9099,3725,7135,84708
151742,2353,9021,54756,4215,4091,4092
152137,4137,4139,4170,4174,4175,4176,86,4215,142,154,57510,4288,230,8470,8480,322,323,28998,330,4436,8562,387,388,409,57761,8626,8662,8663,488,558,580,4684,201294,152189,4739,197257,8850,8851,672,675,688,4792,9021,858,860,862,127845,890,898,4998,9099,9134,5077,993,995,5111,9231,9232,1052,9253,29761,1104,1111,5208,5214,9314,9351,1173,5296,79026,5347,54541,29968,9493,25885,1316,1326,5437,79169,5468,9590,5496,1435,9631,1465,5579,5580,5591,9693,1503,5624,255488,1612,5708,5717,5718,54892,26227,9846,9867,83596,54941,5795,1786,5901,5914,10019,1834,5932,1839,1857,1869,5983,5985,6004,1909,1910,10129,6035,1956,10155,10165,10188,10189,10212,10213,2023,2026,10231,2040,51203,378884,10252,10253,2066,83990,2078,2091,2099,2113,2119,2150,10365,10382,6337,2274,2288,22809,10528,10535,6456,203068,6478,10575,6493,6502,26986,6510,10642,22948,6566,55723,6596,6615,27101,10721,6627,6643,23037,27133,2562,23046,27161,2597,6711,2618,23111,27339,2771,10963,23294,23327,11091,80727,2908,7020,7027,11136,7048,2956,2982,7099,3012,3014,3015,3037,7133,7134,7153,3065,7167,3107,7203,7283,3226,7345,7358,7371,7374,3295,3303,3315,3329,7466,3383,3394,7514,7546,3554,3572,65018,3608,3659,3717,3725,3727,3728,7846,7852,81620,3815,3832,3838,57088,7965,3939,94081,8079,4001,8139,8140,4091,4092
165918,165918,1104,5202,142,78990,10384,1191,25790,3303,10493,8493,5437,330,332,22883,7534,5496,9601,22948,6596,5591,93664,221687,7681,55819,1589,580,2668,124540,641,6790,9867,3725,8850,5788,54941,672,675,688,57088,23327,10016,9048,55159,494470,10130,54165,1956,9148,3014,10189,2023,7153,51185
170506,378884,10248,4137,2091,2099,4170,4174,1104,5202,5214,6240,5217,23650,6251,58477,8313,142,4286,6334,3295,3315,3329,3336,1294,22824,283971,57669,6472,8522,7514,7534,9601,10642,55726,8626,5578,5579,5580,5590,27101,1503,5624,4613,4628,27161,5704,3690,55920,23165,6790,10891,3725,26256,3728,8851,688,57016,8893,6857,1780,23299,1808,10023,5933,1869,860,79711,873,3949,11136,898,55176,10130,4001,10155,10165,7099,1981,10213,7153,7161,3065
200958,5795,56144,7534,6643,9846,3838
205564,4616,547,3670,2648,57447,286827,2668,142,3727,672,688,2288,205564,6942,10535,203068,5457,4436,6996,29028,374,2956,9112,7067,1956,10155,23471,135112,5578,11214,5591,3065,3066
253260,79902,41,4137,2091,4139,6195,6196,2115,6236,2146,6251,4215,2175,10382,10395,10397,2206,57530,6383,6385,147700,57619,8470,8480,55607,203068,374,387,6532,10642,8600,409,57761,29127,80346,8671,10733,23034,23037,2562,2566,2571,387597,6711,2624,64092,2668,6790,4751,8850,6812,672,8871,688,6854,23294,2823,783,23327,23328,11073,117583,11116,54206,11214,11232,7153,3065,9223,5140,5142,5144,7222,3159,1111,1124,58477,7283,9351,79026,25780,9411,5318,5347,3303,64759,3329,7431,3336,9493,9495,1326,150864,7514,7534,7538,9590,5553,5577,5580,5581,5590,5591,5624,9729,9793,3676,9824,9828,3690,9846,3708,7832,7846,5801,3815,5906,3858,5914,1834,55093,55103,3925,1901,6035,8091,4001,1956,4008,79801,1978,8139,10189,4092
